name,company,year,Price,kms_driven,fuel_type,car_age,is_luxury,kms_per_year
Hyundai Santro Xing,Hyundai,2007,11.289794413577894,45000,Petrol,13,0,3214.285714285714
Mahindra Jeep CL550,Mahindra,2006,12.959846800844963,40,Diesel,14,0,2.6666666666666665
Maruti Suzuki Alto,Maruti,2018,,22000,Petrol,2,0,7333.333333333333
Hyundai Grand i10,Hyundai,2014,12.691583538230217,28000,Petrol,6,0,4000.0
Ford EcoSport Titanium,Ford,2014,13.26212705890841,36000,Diesel,6,0,5142.857142857143
Ford EcoSport Titanium,Ford,2015,,59000,Diesel,5,0,9833.333333333334
Ford Figo,Ford,2012,12.07254696717504,41000,Diesel,8,0,4555.555555555556
Hyundai Eon,Hyundai,2013,12.154784614286667,25000,Petrol,7,0,3125.0
Ford EcoSport Ambiente,Ford,2016,13.629182184591333,24530,Diesel,4,0,4906.0
Maruti Suzuki Alto,Maruti,2015,12.429220196836383,60000,Petrol,5,0,10000.0
Skoda Fabia Classic,Skoda,2010,12.111767460549332,60000,Petrol,10,0,5454.545454545455
Maruti Suzuki Stingray,Maruti,2015,12.660331092405906,30000,Petrol,5,0,5000.0
Hyundai Elite i20,Hyundai,2014,12.936036208848487,32000,Petrol,6,0,4571.428571428572
Mahindra Scorpio SLE,Mahindra,2015,12.676079399771027,48660,Diesel,5,0,8110.0
Audi A8,Audi,2017,13.815511557963774,4000,Petrol,3,1,1000.0
Audi Q7,Audi,2014,13.122365377402328,16934,Diesel,6,1,2419.1428571428573
Mahindra Scorpio S10,Mahindra,2016,12.765691290604371,43000,Diesel,4,0,8600.0
Maruti Suzuki Alto,Maruti,2014,11.982935344196433,35550,Petrol,6,0,5078.571428571428
Mahindra Scorpio S10,Mahindra,2016,12.644330802262578,39522,Diesel,4,0,7904.4
Maruti Suzuki Alto,Maruti,2015,11.225256725762893,39000,Petrol,5,0,6500.0
Hyundai i20 Sportz,Hyundai,2012,11.51293546492023,55000,Petrol,8,0,6111.111111111111
Maruti Suzuki Alto,Maruti,2017,12.154784614286667,72000,Petrol,3,0,18000.0
Maruti Suzuki Vitara,Maruti,2016,12.577639650232573,15975,Diesel,4,0,3195.0
Maruti Suzuki Alto,Maruti,2008,11.461642696843066,70000,Petrol,12,0,5384.615384615385
Mahindra Bolero DI,Mahindra,2017,12.100717685412471,23452,Diesel,3,0,5863.0
Maruti Suzuki Swift,Maruti,2014,12.861001210669146,35522,Diesel,6,0,5074.571428571428
Mahindra Scorpio S10,Mahindra,2015,12.429220196836383,48508,Diesel,5,0,8084.666666666667
Maruti Suzuki Swift,Maruti,2017,12.100717685412471,15487,Petrol,3,0,3871.75
Maruti Suzuki Wagon,Maruti,2013,11.561725152903833,39000,Petrol,7,0,4875.0
Maruti Suzuki Wagon,Maruti,2013,11.561725152903833,39000,Petrol,7,0,4875.0
Toyota Innova 2.0,Toyota,2012,13.384729180332174,82000,Diesel,8,0,9111.111111111111
Renault Lodgy 85,Renault,2018,13.444446876573442,20000,Diesel,2,0,6666.666666666667
Skoda Yeti Ambition,Skoda,2012,13.012550743537489,68000,Diesel,8,0,7555.555555555556
Maruti Suzuki Baleno,Maruti,2017,13.215855541983634,32000,Diesel,3,0,8000.0
Renault Duster 110,Renault,2012,13.124363376072994,38000,Diesel,8,0,4222.222222222223
Renault Duster 85,Renault,2013,13.102160670086809,27000,Diesel,7,0,3375.0
Honda City 1.5,Honda,2011,12.54254845357358,33000,Petrol,9,0,3300.0
Maruti Suzuki Dzire,Maruti,2013,12.765688433465597,46000,Diesel,7,0,5750.0
Honda Amaze,Honda,2013,12.560244459250788,46000,Diesel,7,0,5750.0
Honda Amaze 1.5,Honda,2015,12.75130259456002,36000,Diesel,5,0,6000.0
Honda City,Honda,2015,13.122363377404328,55000,Petrol,5,0,9166.666666666666
Datsun Redi GO,Datsun,2017,12.367345048436391,16000,Petrol,3,0,4000.0
Maruti Suzuki SX4,Maruti,2010,12.429216196844383,36000,Petrol,10,0,3272.7272727272725
Mitsubishi Pajero Sport,Mitsubishi,2015,14.204169225721929,47000,Diesel,5,0,7833.333333333333
Mahindra Scorpio S10,Mahindra,2015,12.886643575525625,35000,Diesel,5,0,5833.333333333333
Maruti Suzuki Swift,Maruti,2017,12.301387370778713,30874,Petrol,3,0,7718.5
Honda City ZX,Honda,2017,12.04355959836804,15000,Diesel,3,0,3750.0
Maruti Suzuki Wagon,Maruti,2013,11.350418300109132,29685,Petrol,7,0,3710.625
Tata Indigo eCS,Tata,2017,12.206077645517674,130000,Diesel,3,0,32500.0
Mahindra Scorpio SLE,Mahindra,2012,13.25339339419516,19000,Diesel,8,0,2111.1111111111113
Volkswagen Polo Highline,Volkswagen,2014,12.660331092405906,60000,Petrol,6,0,8571.42857142857
Chevrolet Spark LS,Chevrolet,2010,11.608244735642321,41000,Petrol,10,0,3727.2727272727275
Renault Duster 110PS,Renault,2012,13.124363376072994,35000,Diesel,8,0,3888.8888888888887
Honda City,Honda,2015,13.01477816672439,54000,Petrol,5,0,9000.0
Mini Cooper S,Mini,2013,14.452675573808426,13000,Petrol,7,1,1625.0
Skoda Fabia 1.2L,Skoda,2011,11.979805470779858,38200,Diesel,9,0,3820.0
Honda Amaze,Honda,2015,12.751299696013497,22000,Petrol,5,0,3666.6666666666665
Renault Duster,Renault,2014,13.017002861746503,50000,Diesel,6,0,7142.857142857143
Mini Cooper S,Mini,2013,14.452675573808426,13500,Petrol,7,1,1687.5
Mahindra Scorpio S4,Mahindra,2015,13.670485941982712,30000,Diesel,5,0,5000.0
Mahindra Scorpio VLX,Mahindra,2014,13.457407451830088,50000,Diesel,6,0,7142.857142857143
Mahindra Quanto C8,Mahindra,2013,12.834683971615659,20000,Diesel,7,0,2500.0
Ford EcoSport,Ford,2017,13.102160670086809,39000,Petrol,3,0,9750.0
Honda Brio,Honda,2012,12.323855681186558,30000,Petrol,8,0,3333.3333333333335
Volkswagen Vento Highline,Volkswagen,2019,13.997832948091215,3600,Diesel,1,0,1800.0
Hyundai i20 Magna,Hyundai,2009,12.180759965737863,32000,Petrol,11,0,2666.6666666666665
Toyota Corolla Altis,Toyota,2010,12.768544351446794,38000,Diesel,10,0,3454.5454545454545
Hyundai Verna Transform,Hyundai,2008,11.982935344196433,45000,Petrol,12,0,3461.5384615384614
Toyota Corolla Altis,Toyota,2009,12.388398368982115,35000,Petrol,11,0,2916.6666666666665
Honda City 1.5,Honda,2005,11.407576060361786,50000,Petrol,15,0,3125.0
Skoda Fabia 1.2L,Skoda,2011,11.951186847493476,45863,Diesel,9,0,4586.3
BMW 3 Series,Bmw,2011,13.304686600863562,60500,Petrol,9,1,6050.0
Maruti Suzuki A,Maruti,2011,12.15214958053555,12500,Petrol,9,0,1250.0
Toyota Etios GD,Toyota,2013,12.765691290604371,60000,Diesel,7,0,7500.0
Ford Figo Diesel,Ford,2012,12.25486757159303,35000,Diesel,8,0,3888.8888888888887
Maruti Suzuki Swift,Maruti,2014,12.873904582205107,35000,Petrol,6,0,5000.0
Chevrolet Beat LT,Chevrolet,2012,11.813037464800539,45000,Diesel,8,0,5000.0
BMW 7 Series,Bmw,2009,14.285514812209815,35000,Petrol,11,1,2916.6666666666665
Mahindra XUV500 W8,Mahindra,2013,13.460264592549233,38000,Diesel,7,0,4750.0
Hyundai i10 Magna,Hyundai,2014,12.487488878546145,18000,Petrol,6,0,2571.4285714285716
Hyundai Verna Fluidic,Hyundai,2015,13.171155446333852,35000,Diesel,5,0,5833.333333333333
Maruti Suzuki Swift,Maruti,2013,12.826651821423713,13349,Petrol,7,0,1668.625
Maruti Suzuki Ertiga,Maruti,2016,13.361381852676738,29000,Petrol,4,0,5800.0
Ford EcoSport Titanium,Ford,2014,13.217675375388819,44000,Diesel,6,0,6285.714285714285
Maruti Suzuki Ertiga,Maruti,2016,13.26212705890841,29000,Petrol,4,0,5800.0
Maruti Suzuki Ertiga,Maruti,2013,13.091906231773164,42000,Diesel,7,0,5250.0
Maruti Suzuki Alto,Maruti,2012,11.951186847493476,14000,Petrol,8,0,1555.5555555555557
Hyundai Grand i10,Hyundai,2014,12.75130259456002,49000,Diesel,6,0,7000.0
Honda Amaze 1.2,Honda,2014,12.691583538230217,42000,Petrol,6,0,6000.0
Hyundai i20 Asta,Hyundai,2012,12.70533466782146,36200,Diesel,8,0,4022.222222222222
Ford Figo Diesel,Ford,2014,12.180759965737863,50000,Diesel,6,0,7142.857142857143
Maruti Suzuki Eeco,Maruti,2015,12.433654333728994,55000,Petrol,5,0,9166.666666666666
Maruti Suzuki Ertiga,Maruti,2014,13.253391639810733,45000,Petrol,6,0,6428.571428571428
Maruti Suzuki Esteem,Maruti,2007,11.156250521031495,51000,Petrol,13,0,3642.8571428571427
Maruti Suzuki Ritz,Maruti,2014,12.611537753638338,19000,Petrol,6,0,2714.285714285714
Maruti Suzuki Dzire,Maruti,2009,12.301387370778713,46000,Petrol,11,0,3833.3333333333335
Maruti Suzuki Ritz,Maruti,2013,12.89921982609012,33000,Diesel,7,0,4125.0
Maruti Suzuki Dzire,Maruti,2015,13.017005083966255,104000,Diesel,5,0,17333.333333333332
Toyota Etios Liva,Toyota,2014,12.506180941677357,55000,Petrol,6,0,7857.142857142857
Hyundai i20 Sportz,Hyundai,2011,12.765691290604371,33333,Diesel,9,0,3333.3
Chevrolet Spark,Chevrolet,2012,11.972885071473847,33600,Petrol,8,0,3733.3333333333335
Maruti Suzuki Alto,Maruti,2017,12.765691290604371,5600,Petrol,3,0,1400.0
Nissan Micra XV,Nissan,2011,12.095146671399466,41000,Petrol,9,0,4100.0
Maruti Suzuki Swift,Maruti,2007,11.736077016252437,70000,Petrol,13,0,5000.0
Maruti Suzuki Alto,Maruti,2018,12.206077645517674,7500,Petrol,2,0,2500.0
Honda Amaze 1.5,Honda,2013,12.608202196848836,45000,Diesel,7,0,5625.0
Maruti Suzuki Alto,Maruti,2015,12.301387370778713,38000,Petrol,5,0,6333.333333333333
Chevrolet Beat,Chevrolet,2015,11.918397239722838,30000,Petrol,5,0,5000.0
Toyota Corolla,Toyota,2009,12.524530013005734,26000,Petrol,11,0,2166.6666666666665
Honda City 1.5,Honda,2010,12.560247968016562,35000,Petrol,10,0,3181.818181818182
Ford EcoSport Trend,Ford,2016,13.629182184591333,24330,Diesel,4,0,4866.0
Hyundai i20 Asta,Hyundai,2009,12.25486757159303,65480,Petrol,11,0,5456.666666666667
Maruti Suzuki Swift,Maruti,2013,12.73670383776449,41000,Petrol,7,0,5125.0
Tata Indica V2,Tata,2006,11.407576060361786,20000,Petrol,14,0,1333.3333333333333
Maruti Suzuki Alto,Maruti,2018,,28028,Petrol,2,0,9342.666666666666
Hindustan Motors Ambassador,Hindustan,2000,11.156264806643742,200000,Diesel,20,0,9523.809523809523
Toyota Corolla Altis,Toyota,2010,12.577636201962656,70000,Petrol,10,0,6363.636363636364
Toyota Corolla Altis,Toyota,2012,12.765688433465597,59000,Petrol,8,0,6555.555555555556
Toyota Innova 2.5,Toyota,2012,13.652991628466498,99000,Diesel,8,0,11000.0
Volkswagen Jetta Highline,Volkswagen,2014,13.527828485512494,46000,Diesel,6,0,6571.428571428572
Volkswagen Polo Comfortline,Volkswagen,2015,12.89921982609012,2800,Petrol,5,0,466.6666666666667
Volkswagen Polo,Volkswagen,2014,12.524526376648708,32000,Petrol,6,0,4571.428571428572
Mahindra Scorpio,Mahindra,2015,13.800396920154226,22000,Diesel,5,0,3666.6666666666665
Nissan Sunny,Nissan,2012,12.323855681186558,45000,Petrol,8,0,5000.0
Hyundai Elite i20,Hyundai,2018,13.304684934198283,21000,Petrol,2,0,7000.0
Renault Kwid,Renault,2016,12.409013489526863,11000,Petrol,4,0,2200.0
Renault Duster,Renault,2013,12.89921982609012,41000,Diesel,7,0,5125.0
Renault Duster,Renault,2014,13.071070083016778,50000,Diesel,6,0,7142.857142857143
Mahindra Scorpio VLX,Mahindra,2011,13.122363377404328,66000,Diesel,9,0,6600.0
Maruti Suzuki Alto,Maruti,2018,12.644330802262578,3000,Petrol,2,0,1000.0
Chevrolet Spark LT,Chevrolet,2010,11.350418300109132,45000,Petrol,10,0,4090.909090909091
Datsun Redi GO,Datsun,2016,12.409017571151187,7000,Petrol,4,0,1400.0
Maruti Suzuki Swift,Maruti,2010,12.15214958053555,38500,Diesel,10,0,3500.0
Fiat Punto Emotion,Fiat,2012,12.040614105490253,37200,Diesel,8,0,4133.333333333333
Maruti Suzuki Swift,Maruti,2010,11.979805470779858,43200,Diesel,10,0,3927.2727272727275
Toyota Etios GD,Toyota,2013,12.524530013005734,24800,Petrol,7,0,3100.0
Hyundai i20 Sportz,Hyundai,2014,12.821260987319457,60000,Diesel,6,0,8571.42857142857
Hyundai i10 Sportz,Hyundai,2010,12.031725210748633,45872,Petrol,10,0,4170.181818181818
Chevrolet Beat LT,Chevrolet,2011,11.918397239722838,40000,Diesel,9,0,4000.0
Chevrolet Beat LS,Chevrolet,2011,11.884495917930655,45000,Diesel,9,0,4500.0
Chevrolet Beat LT,Chevrolet,2012,11.49782197939291,38000,Diesel,8,0,4222.222222222223
Tata Indigo CS,Tata,2011,11.350418300109132,11400,Diesel,9,0,1140.0
Toyota Corolla Altis,Toyota,2015,13.26212705890841,42000,Petrol,5,0,7000.0
Honda City 1.5,Honda,2014,13.215855541983634,39000,Petrol,6,0,5571.428571428572
Maruti Suzuki Swift,Maruti,2011,12.250094315624496,47000,Diesel,9,0,4700.0
Hyundai Eon Era,Hyundai,2013,12.128116509451258,27000,Petrol,7,0,3375.0
Mahindra Scorpio S10,Mahindra,2015,13.710151153416941,97200,Diesel,5,0,16200.0
Mahindra XUV500,Mahindra,2014,13.458835614025542,52000,Diesel,6,0,7428.571428571428
Ford Fiesta,Ford,2011,12.524526376648708,55000,Diesel,9,0,5500.0
Honda City,Honda,2015,13.304684934198283,30000,Diesel,5,0,5000.0
Maruti Suzuki Wagon,Maruti,2012,12.206072645530174,44000,Petrol,8,0,4888.888888888889
Honda City,Honda,2014,13.208541073645382,45000,Diesel,6,0,6428.571428571428
Hyundai i20,Hyundai,2009,12.201065128819632,31000,Petrol,11,0,2583.3333333333335
Tata Indigo eCS,Tata,2016,12.676079399771027,175430,Diesel,4,0,35086.0
Hyundai Fluidic Verna,Hyundai,2015,13.199326270390594,38000,Diesel,5,0,6333.333333333333
Mahindra Quanto C8,Mahindra,2013,12.73670383776449,37000,Diesel,7,0,4625.0
Fiat Petra ELX,Fiat,2008,11.225256725762893,65000,Petrol,12,0,5000.0
Hyundai Santro Xing,Hyundai,2005,10.799595985047786,7500,Petrol,15,0,468.75
Maruti Suzuki Ciaz,Maruti,2016,13.45883704259595,3350,Petrol,4,0,670.0
Maruti Suzuki Zen,Maruti,2000,10.915106645867503,60000,Petrol,20,0,2857.1428571428573
Hyundai Creta 1.6,Hyundai,2017,13.704580114574805,32000,Petrol,3,0,8000.0
Mahindra Scorpio SLX,Mahindra,2007,12.779875885354993,75000,Diesel,13,0,5357.142857142857
Mahindra Scorpio SLE,Mahindra,2012,13.244582780038517,62000,Diesel,8,0,6888.888888888889
Toyota Innova 2.5,Toyota,2006,12.807655372286902,73000,Diesel,14,0,4866.666666666667
Maruti Suzuki Alto,Maruti,2011,11.884495917930655,41000,Petrol,9,0,4100.0
Maruti Suzuki Wagon,Maruti,2011,12.25486757159303,35000,Petrol,9,0,3500.0
Tata Nano Cx,Tata,2013,10.596659732783579,2200,Petrol,7,0,275.0
Maruti Suzuki Alto,Maruti,2013,11.736077016252437,39000,Petrol,7,0,4875.0
Maruti Suzuki Wagon,Maruti,2009,11.813037464800539,45000,Petrol,11,0,3750.0
Maruti Suzuki Swift,Maruti,2006,11.813037464800539,45000,Petrol,14,0,3000.0
Tata Sumo Victa,Tata,2012,12.560247968016562,65000,Diesel,8,0,7222.222222222223
Maruti Suzuki Wagon,Maruti,2010,11.884495917930655,54870,Petrol,10,0,4988.181818181818
Maruti Suzuki Alto,Maruti,2010,11.813037464800539,34580,Petrol,10,0,3143.6363636363635
Volkswagen Passat Diesel,Volkswagen,2009,13.017005083966255,97000,Diesel,11,0,8083.333333333333
Renault Scala RxL,Renault,2015,12.834683971615659,25000,Diesel,5,0,4166.666666666667
Hyundai Grand i10,Hyundai,2014,12.807655372286902,20000,Petrol,6,0,2857.1428571428573
Hyundai i20 Active,Hyundai,2015,13.122365377402328,18000,Petrol,5,0,3000.0
Mahindra Xylo E4,Mahindra,2012,12.899222326086994,35000,Diesel,8,0,3888.8888888888887
Mahindra Jeep MM,Mahindra,2019,12.873904582205107,60,Diesel,1,0,30.0
Mahindra Bolero SLE,Mahindra,2013,12.706850963741102,80200,Diesel,7,0,10025.0
Force Motors Force,Force,2015,13.270785106659046,3200,Diesel,5,0,533.3333333333334
Maruti Suzuki SX4,Maruti,2012,12.487488878546145,46000,Diesel,8,0,5111.111111111111
Mahindra Jeep CL550,Mahindra,2019,12.84529412258351,0,Diesel,1,0,0.0
Maruti Suzuki Alto,Maruti,2015,12.296831574998258,5000,Petrol,5,0,833.3333333333334
Mahindra Jeep CL550,Mahindra,2018,12.861001210669146,588,Diesel,2,0,196.0
Toyota Etios,Toyota,2011,12.524530013005734,36000,Diesel,9,0,3600.0
Volkswagen Polo,Volkswagen,2015,12.706850963741102,38000,Diesel,5,0,6333.333333333333
Honda City ZX,Honda,2008,11.608244735642321,45000,Petrol,12,0,3461.5384615384614
Maruti Suzuki Wagon,Maruti,2006,11.289794413577894,71200,Petrol,14,0,4746.666666666667
Honda City VX,Honda,2016,13.159661088928443,52000,Diesel,4,0,10400.0
Mahindra Thar CRDe,Mahindra,2016,13.500801182986649,29000,Diesel,4,0,5800.0
Audi A4 1.8,Audi,2009,13.457407451830088,47000,Petrol,11,1,3916.6666666666665
Mercedes Benz GLA,Mercedes,2015,14.508658238524095,20000,Diesel,5,1,3333.3333333333335
Land Rover Freelander,Land,2015,14.557448378884015,30000,Diesel,5,0,5000.0
Renault Kwid RXT,Renault,2017,12.73670383776449,5000,Petrol,3,0,1250.0
Tata Aria Pleasure,Tata,2014,12.873904582205107,35000,Diesel,6,0,5000.0
Mercedes Benz B,Mercedes,2014,14.151983508870947,31000,Petrol,6,1,4428.571428571428
Datsun GO T,Datsun,2016,12.409017571151187,7000,Petrol,4,0,1400.0
Tata Indigo eCS,Tata,2016,12.676079399771027,175400,Diesel,4,0,35080.0
Honda Jazz VX,Honda,2016,13.017005083966255,41000,Petrol,4,0,8200.0
Honda Amaze 1.2,Honda,2014,12.647551406590285,33000,Petrol,6,0,4714.285714285715
Honda City,Honda,2012,12.89921982609012,45000,Petrol,8,0,5000.0
Honda City,Honda,2015,13.304684934198283,39000,Diesel,5,0,6500.0
Mahindra Scorpio S4,Mahindra,2015,13.658857917508856,30000,Diesel,5,0,5000.0
Hyundai i20 Active,Hyundai,2015,13.190023895035274,37000,Diesel,5,0,6166.666666666667
Mini Cooper S,Mini,2013,14.452675573808426,13000,Petrol,7,1,1625.0
Maruti Suzuki Ciaz,Maruti,2017,13.457407451830088,14000,Petrol,3,0,3500.0
Chevrolet Tavera Neo,Chevrolet,2013,12.834683971615659,55000,Diesel,7,0,6875.0
Hyundai Eon Sportz,Hyundai,2012,12.08954444723597,30000,Petrol,8,0,3333.3333333333335
Tata Sumo Gold,Tata,2013,12.611541086966115,50000,Diesel,7,0,6250.0
Maruti Suzuki Wagon,Maruti,2003,11.407576060361786,45000,Petrol,17,0,2500.0
Maruti Suzuki Esteem,Maruti,2006,11.461642696843066,45000,Petrol,14,0,3000.0
Maruti Suzuki Eeco,Maruti,2015,12.449022745701502,9300,Petrol,5,0,1550.0
Chevrolet Enjoy 1.4,Chevrolet,2013,12.409017571151187,55000,Diesel,7,0,6875.0
Maruti Suzuki Wagon,Maruti,2015,12.577636201962656,22000,Petrol,5,0,3666.6666666666665
Nissan Terrano XL,Nissan,2015,13.122363377404328,60000,Diesel,5,0,10000.0
Renault Duster 85,Renault,2014,13.102160670086809,59000,Diesel,6,0,8428.57142857143
Renault Duster 85,Renault,2015,13.217673557208654,19000,Diesel,5,0,3166.6666666666665
Maruti Suzuki Dzire,Maruti,2013,12.847929163278053,30000,Petrol,7,0,3750.0
Renault Kwid RXT,Renault,2018,12.691583538230217,15000,Petrol,2,0,5000.0
Maruti Suzuki Maruti,Maruti,2003,10.950824090522445,56758,Petrol,17,0,3153.222222222222
Renault Kwid 1.0,Renault,2018,12.765688433465597,10000,Petrol,2,0,3333.3333333333335
Renault Scala RxL,Renault,2014,12.765688433465597,49000,Diesel,6,0,7000.0
Hyundai Grand i10,Hyundai,2014,12.923914877701906,41000,Petrol,6,0,5857.142857142857
Maruti Suzuki Swift,Maruti,2011,12.323860125621126,45000,Petrol,9,0,4500.0
Chevrolet Beat LS,Chevrolet,2010,11.695255355062795,43000,Petrol,10,0,3909.090909090909
Hyundai Santro Xing,Hyundai,2000,10.985309671896763,56450,Petrol,20,0,2688.095238095238
Chevrolet Beat LS,Chevrolet,2010,11.289794413577894,56000,Petrol,10,0,5090.909090909091
Chevrolet Beat LS,Chevrolet,2015,12.301387370778713,32700,Petrol,5,0,5450.0
Ford EcoSport Titanium,Ford,2016,13.303018546545275,30000,Diesel,4,0,6000.0
Hyundai Accent GLX,Hyundai,2006,11.289794413577894,56000,Petrol,14,0,3733.3333333333335
Maruti Suzuki Swift,Maruti,2010,,52000,Diesel,10,0,4727.272727272727
Mahindra TUV300 T4,Mahindra,2016,13.42246945133505,9000,Diesel,4,0,1800.0
Tata Indica V2,Tata,2008,11.918397239722838,11000,Petrol,12,0,846.1538461538462
Tata Indigo CS,Tata,2009,11.19135563385109,46000,Diesel,11,0,3833.3333333333335
Maruti Suzuki Swift,Maruti,2019,13.321215875492413,73,Petrol,1,0,36.5
Mahindra Scorpio VLX,Mahindra,2004,12.345838935721968,160000,Diesel,16,0,9411.764705882353
Tata Indica eV2,Tata,2017,,84000,Diesel,3,0,21000.0
Honda Accord,Honda,2009,12.07254696717504,58559,Petrol,11,0,4879.916666666667
Ford EcoSport Titanium,Ford,2014,13.161586013632684,57000,Diesel,6,0,8142.857142857143
Maruti Suzuki Ertiga,Maruti,2015,13.17115354157376,50000,Diesel,5,0,8333.333333333334
Honda Amaze,Honda,2014,12.611537753638338,37000,Petrol,6,0,5285.714285714285
Maruti Suzuki Dzire,Maruti,2012,12.611537753638338,40000,Petrol,8,0,4444.444444444444
Honda City,Honda,2011,12.560244459250788,55000,Petrol,9,0,5500.0
Mahindra Scorpio 2.6,Mahindra,2007,12.301387370778713,170000,Diesel,13,0,12142.857142857143
Maruti Suzuki Dzire,Maruti,2014,12.959844447906553,55000,Diesel,6,0,7857.142857142857
Honda City,Honda,2015,13.37700559577791,39000,Petrol,5,0,6500.0
Honda Mobilio,Honda,2014,12.89921982609012,44000,Petrol,6,0,6285.714285714285
Toyota Corolla Altis,Toyota,2009,12.206072645530174,65000,Petrol,11,0,5416.666666666667
Honda City,Honda,2014,13.279367126213993,39000,Petrol,6,0,5571.428571428572
Skoda Laura,Skoda,2012,12.765688433465597,44000,Diesel,8,0,4888.888888888889
Renault Duster,Renault,2015,13.017002861746503,49000,Diesel,5,0,8166.666666666667
Maruti Suzuki Ertiga,Maruti,2018,13.592367006650065,9000,Diesel,2,0,3000.0
Maruti Suzuki Dzire,Maruti,2015,13.005829561148378,45000,Diesel,5,0,7500.0
Mahindra XUV500,Mahindra,2014,13.38472764187182,47000,Diesel,6,0,6714.285714285715
Hyundai Verna Fluidic,Hyundai,2012,13.005829561148378,40000,Diesel,8,0,4444.444444444444
Maruti Suzuki Vitara,Maruti,2016,13.444446876573442,29000,Diesel,4,0,5800.0
Maruti Suzuki Wagon,Maruti,2016,12.751299696013497,15000,Petrol,4,0,3000.0
Mahindra Scorpio,Mahindra,2015,13.758940206475879,45000,Diesel,5,0,7500.0
Honda Amaze,Honda,2014,12.524526376648708,35000,Petrol,6,0,5000.0
Mahindra XUV500,Mahindra,2013,13.444446876573442,80000,Diesel,7,0,10000.0
Mahindra Scorpio,Mahindra,2013,13.262125319779487,68000,Diesel,7,0,8500.0
Skoda Laura,Skoda,2013,12.834681304952548,50000,Diesel,7,0,6250.0
Volkswagen Polo,Volkswagen,2010,12.206072645530174,60000,Diesel,10,0,5454.545454545455
Hyundai Elite i20,Hyundai,2016,13.217673557208654,9000,Petrol,4,0,1800.0
Tata Manza Aura,Tata,2012,11.775297421715827,72000,Diesel,8,0,8000.0
Chevrolet Sail UVA,Chevrolet,2013,12.25486757159303,60000,Petrol,7,0,7500.0
Hyundai Verna Fluidic,Hyundai,2013,12.901719200051183,45000,Diesel,7,0,5625.0
Audi A4 2.0,Audi,2012,14.115615891155079,40000,Diesel,8,1,4444.444444444444
Hyundai Elantra SX,Hyundai,2013,13.304686600863562,20000,Petrol,7,0,2500.0
Mahindra Scorpio VLX,Mahindra,2013,13.321215875492413,35000,Diesel,7,0,4375.0
Mahindra KUV100 K8,Mahindra,2016,12.899222326086994,20000,Diesel,4,0,4000.0
Hyundai Grand i10,Hyundai,2017,13.17115354157376,6821,Petrol,3,0,1705.25
Hyundai i20,Hyundai,2014,13.017002861746503,23000,Petrol,6,0,3285.714285714286
Hyundai Eon,Hyundai,2014,12.072541252905651,14000,Petrol,6,0,2000.0
Hyundai i10,Hyundai,2012,12.409013489526863,38000,Petrol,8,0,4222.222222222223
Hyundai i20 Active,Hyundai,2015,13.262125319779487,35000,Diesel,5,0,5833.333333333333
Datsun Redi GO,Datsun,2017,12.409013489526863,22000,Petrol,3,0,5500.0
Toyota Etios Liva,Toyota,2011,12.388394202324129,41000,Petrol,9,0,4100.0
Hyundai Accent,Hyundai,2010,11.512925464970229,45000,Petrol,10,0,4090.909090909091
Hyundai Verna,Hyundai,2014,13.102160670086809,44000,Diesel,6,0,6285.714285714285
Maruti Suzuki Swift,Maruti,2013,12.691580461311874,45000,Diesel,7,0,5625.0
Toyota Fortuner,Toyota,2011,13.8878312195439,52000,Diesel,9,0,5200.0
Hyundai i10 Sportz,Hyundai,2012,12.345838935721968,34000,Petrol,8,0,3777.777777777778
Mahindra Bolero Power,Mahindra,2018,13.457407451830088,1800,Diesel,2,0,600.0
Mahindra XUV500,Mahindra,2015,13.815511557963774,15000,Diesel,5,0,2500.0
Honda City 1.5,Honda,2010,12.388398368982115,400000,Petrol,10,0,36363.63636363636
Chevrolet Spark LT,Chevrolet,2009,11.608244735642321,44000,Petrol,11,0,3666.6666666666665
Mahindra XUV500,Mahindra,2016,13.937729075643883,72000,Diesel,4,0,14400.0
Tata Indigo eCS,Tata,2014,12.429220196836383,40000,Diesel,6,0,5714.285714285715
Skoda Rapid Elegance,Skoda,2013,12.73670383776449,48000,Diesel,7,0,6000.0
Tata Vista Quadrajet,Tata,2011,11.695255355062795,90000,Diesel,9,0,9000.0
Maruti Suzuki Alto,Maruti,2015,12.487488878546145,12000,Petrol,5,0,2000.0
Maruti Suzuki Zen,Maruti,2003,11.350418300109132,69900,Petrol,17,0,3883.3333333333335
Hyundai i10 Magna,Hyundai,2011,12.07254696717504,45000,Petrol,9,0,4500.0
Maruti Suzuki Swift,Maruti,2016,12.765691290604371,166000,Diesel,4,0,33200.0
Honda City ZX,Honda,2008,11.91170829631447,42000,Petrol,12,0,3230.769230769231
Mahindra Jeep MM,Mahindra,2006,12.959846800844963,122,Diesel,14,0,8.133333333333333
Chevrolet Beat Diesel,Chevrolet,2017,11.918397239722838,62000,Diesel,3,0,15500.0
Honda City 1.5,Honda,2010,12.323860125621126,70000,Petrol,10,0,6363.636363636364
Hyundai Verna 1.4,Hyundai,2014,12.834683971615659,36000,Petrol,6,0,5142.857142857143
Toyota Innova 2.5,Toyota,2012,13.554147092530322,0,Diesel,8,0,0.0
Maruti Suzuki Alto,Maruti,2018,,24000,Petrol,2,0,8000.0
Maruti Suzuki Maruti,Maruti,1995,10.308985993422082,55000,Petrol,25,0,2115.3846153846152
Maruti Suzuki Swift,Maruti,2014,12.721888795877375,55000,Diesel,6,0,7857.142857142857
Hyundai Elite i20,Hyundai,2015,13.017005083966255,20000,Diesel,5,0,3333.3333333333335
Maruti Suzuki Swift,Maruti,2012,12.323860125621126,40000,Petrol,8,0,4444.444444444444
Maruti Suzuki Versa,Maruti,2004,11.289794413577894,50000,Petrol,16,0,2941.176470588235
Tata Indigo LX,Tata,2016,11.775297421715827,104000,Diesel,4,0,20800.0
Volkswagen Vento Konekt,Volkswagen,2011,12.409017571151187,65000,Diesel,9,0,6500.0
Mercedes Benz C,Mercedes,2002,12.896719202134523,41000,Petrol,18,1,2157.8947368421054
Maruti Suzuki Ertiga,Maruti,2013,13.017005083966255,90000,Diesel,7,0,11250.0
Honda City,Honda,2000,11.082157933374816,80000,Petrol,20,0,3809.5238095238096
Hyundai Santro Xing,Hyundai,2006,11.225256725762893,46000,Petrol,14,0,3066.6666666666665
Maruti Suzuki Omni,Maruti,2001,11.156264806643742,70000,Petrol,19,0,3500.0
Hyundai Sonata Transform,Hyundai,2017,12.154784614286667,36469,Diesel,3,0,9117.25
Hyundai Elite i20,Hyundai,2018,13.304686600863562,7800,Petrol,2,0,2600.0
Maruti Suzuki Alto,Maruti,2017,12.388398368982115,60000,Petrol,3,0,15000.0
Maruti Suzuki Alto,Maruti,2011,11.951186847493476,32000,Petrol,9,0,3200.0
Honda Jazz S,Honda,2009,12.043553716032399,24695,Petrol,11,0,2057.9166666666665
Hyundai Grand i10,Hyundai,2017,13.017005083966255,15141,Petrol,3,0,3785.25
Maruti Suzuki Zen,Maruti,2001,10.596659732783579,40000,Petrol,19,0,2000.0
Mahindra Scorpio W,Mahindra,2012,12.013706813470414,65000,Diesel,8,0,7222.222222222223
Maruti Suzuki Alto,Maruti,2014,12.506180941677357,22000,Petrol,6,0,3142.8571428571427
Hyundai Grand i10,Hyundai,2016,12.54254845357358,59910,Diesel,4,0,11982.0
Mahindra XUV500 W8,Mahindra,2012,13.235693848424024,100000,Diesel,8,0,11111.111111111111
Hyundai Creta 1.6,Hyundai,2016,13.76421831620775,25000,Petrol,4,0,5000.0
Hyundai i20 Magna,Hyundai,2013,12.644330802262578,35000,Petrol,7,0,4375.0
Renault Duster 85,Renault,2015,13.480039220276565,65000,Diesel,5,0,10833.333333333334
Hyundai Grand i10,Hyundai,2014,12.73670383776449,35000,Petrol,6,0,5000.0
Honda Brio V,Honda,2012,12.367345048436391,33000,Petrol,8,0,3666.6666666666665
Mahindra TUV300 T4,Mahindra,2017,13.321215875492413,68000,Diesel,3,0,17000.0
Chevrolet Spark LS,Chevrolet,2010,11.461642696843066,23000,Petrol,10,0,2090.909090909091
Mahindra TUV300 T8,Mahindra,2018,13.815511557963774,4500,Diesel,2,0,1500.0
Maruti Suzuki Swift,Maruti,2015,12.301387370778713,129000,Diesel,5,0,21500.0
Nissan X Trail,Nissan,2019,13.997832948091215,300,Diesel,1,0,150.0
Maruti Suzuki Alto,Maruti,2015,12.345838935721968,5000,Petrol,5,0,833.3333333333334
Ford Ikon 1.3,Ford,2001,10.714439990727769,65000,Petrol,19,0,3250.0
Toyota Fortuner 3.0,Toyota,2010,13.753636218075409,131000,Diesel,10,0,11909.09090909091
Tata Manza ELAN,Tata,2010,11.954761074388044,111111,Petrol,10,0,10101.0
Mercedes Benz A,Mercedes,2013,14.220976332738882,14000,Petrol,7,1,1750.0
Chevrolet Beat LS,Chevrolet,2016,12.25486757159303,22000,Diesel,4,0,4400.0
Ford EcoSport Trend,Ford,2013,13.112315061750808,38000,Diesel,7,0,4750.0
Tata Indigo LS,Tata,2016,11.736077016252437,70000,Diesel,4,0,14000.0
Hyundai i20 Magna,Hyundai,2010,12.180759965737863,36000,Petrol,10,0,3272.7272727272725
Volkswagen Vento Highline,Volkswagen,2015,13.217675375388819,34000,Diesel,5,0,5666.666666666667
Renault Kwid RXT,Renault,2015,12.506180941677357,43000,Petrol,5,0,7166.666666666667
Ford EcoSport Titanium,Ford,2014,13.122365377402328,40000,Diesel,6,0,5714.285714285715
Honda Amaze 1.5,Honda,2016,12.388398368982115,160000,Diesel,4,0,32000.0
Hyundai Verna 1.6,Hyundai,2017,13.592368256649284,12000,Petrol,3,0,3000.0
BMW 5 Series,Bmw,2011,14.07710606547538,49000,Diesel,9,1,4900.0
Skoda Superb 1.8,Skoda,2011,13.180634172318978,68000,Petrol,9,0,6800.0
Audi Q3 2.0,Audi,2013,14.22030944419592,37000,Diesel,7,1,4625.0
Mahindra Bolero DI,Mahindra,2012,12.301387370778713,59466,Diesel,8,0,6607.333333333333
Maruti Suzuki Zen,Maruti,2011,,16000,Petrol,9,0,1600.0
Ford Figo Duratorq,Ford,2012,12.429220196836383,99000,Diesel,8,0,11000.0
Maruti Suzuki Wagon,Maruti,2018,12.886643575525625,25500,Petrol,2,0,8500.0
Mahindra Logan Diesel,Mahindra,2009,11.775297421715827,66000,Petrol,11,0,5500.0
Tata Nano GenX,Tata,2010,10.373522431293592,44005,Petrol,10,0,4000.4545454545455
Mahindra TUV300 T4,Mahindra,2016,13.199326270390594,35000,Diesel,4,0,7000.0
Hyundai Elite i20,Hyundai,2015,12.91164481522143,28000,Petrol,5,0,4666.666666666667
Hyundai Elite i20,Hyundai,2015,12.899222326086994,30000,Petrol,5,0,5000.0
Honda City SV,Honda,2017,13.541075028051122,4000,Petrol,3,0,1000.0
Maruti Suzuki Baleno,Maruti,2016,13.122365377402328,28000,Petrol,4,0,5600.0
Ford Figo Petrol,Ford,2011,12.07254696717504,75000,Petrol,9,0,7500.0
Honda City,Honda,2017,13.527829818844937,3000,Petrol,3,0,750.0
Hyundai Elite i20,Hyundai,2015,12.945628585536271,20000,Petrol,5,0,3333.3333333333335
Maruti Suzuki Versa,Maruti,2004,11.407576060361786,50000,Petrol,16,0,2941.176470588235
Hyundai Eon Era,Hyundai,2018,11.849404844423074,2110,Petrol,2,0,703.3333333333334
Mitsubishi Pajero Sport,Mitsubishi,2015,14.24729362374025,43222,Petrol,5,0,7203.666666666667
Hyundai i10 Magna,Hyundai,2008,12.524530013005734,100200,Petrol,12,0,7707.692307692308
Toyota Corolla H2,Toyota,2003,11.918397239722838,100000,Petrol,17,0,5555.555555555556
Maruti Suzuki Swift,Maruti,2011,12.345838935721968,65,Petrol,9,0,6.5
Tata Indigo CS,Tata,2015,11.719947764402807,100000,Diesel,5,0,16666.666666666668
Hyundai Xcent Base,Hyundai,2016,12.611541086966115,140000,Diesel,4,0,28000.0
Hyundai Accent Executive,Hyundai,2009,12.013706813470414,48000,Petrol,11,0,4000.0
Maruti Suzuki Baleno,Maruti,2016,13.118357364036902,22000,Petrol,4,0,4400.0
Tata Zest XE,Tata,2018,13.081543466215237,103553,Diesel,2,0,34517.666666666664
Maruti Suzuki Dzire,Maruti,2017,13.098072734013513,80000,Diesel,3,0,20000.0
Tata Sumo Gold,Tata,2014,12.429220196836383,99000,Diesel,6,0,14142.857142857143
Toyota Corolla Altis,Toyota,2010,12.301387370778713,58000,Petrol,10,0,5272.727272727273
Maruti Suzuki Eeco,Maruti,2013,12.577639650232573,70000,LPG,7,0,8750.0
Toyota Fortuner 3.0,Toyota,2015,14.23750562376114,120000,Diesel,5,0,20000.0
Mahindra XUV500 W6,Mahindra,2013,13.21567337636179,49800,Diesel,7,0,6225.0
Tata Tigor Revotron,Tata,2019,13.384729180332174,100,Diesel,1,0,50.0
Maruti Suzuki 800,Maruti,2001,10.915106645867503,81876,Petrol,19,0,4093.8
Maruti Suzuki Ertiga,Maruti,2015,13.217675375388819,75000,Petrol,5,0,12500.0
Honda Mobilio S,Honda,2014,12.896719202134523,44000,Diesel,6,0,6285.714285714285
Maruti Suzuki Ertiga,Maruti,2016,13.500801182986649,55000,Diesel,4,0,11000.0
Maruti Suzuki Vitara,Maruti,2017,13.493928313146206,36000,Diesel,3,0,9000.0
Hyundai Verna 1.6,Hyundai,2016,12.180759965737863,56000,Diesel,4,0,11200.0
Maruti Suzuki Swift,Maruti,2007,11.775297421715827,62000,Petrol,13,0,4428.571428571428
Maruti Suzuki Omni,Maruti,2014,12.154784614286667,6020,Petrol,6,0,860.0
Honda Amaze,Honda,2013,12.429220196836383,55700,Diesel,7,0,6962.5
Tata Indica,Tata,2005,11.289794413577894,42000,Petrol,15,0,2625.0
Hyundai Santro Xing,Hyundai,2003,11.695255355062795,50000,Petrol,17,0,2777.777777777778
Maruti Suzuki Zen,Maruti,2010,11.91170829631447,35000,Petrol,10,0,3181.818181818182
Maruti Suzuki Wagon,Maruti,2014,12.429220196836383,18500,Petrol,6,0,2642.8571428571427
Maruti Suzuki Wagon,Maruti,2007,11.695255355062795,7000,Petrol,13,0,500.0
Honda Brio VX,Honda,2017,13.017005083966255,11000,Petrol,3,0,2750.0
Hyundai Xcent Base,Hyundai,2015,,180000,Diesel,5,0,30000.0
Maruti Suzuki Zen,Maruti,2003,11.512925464970229,53000,Petrol,17,0,2944.4444444444443
Maruti Suzuki Zen,Maruti,2008,11.813037464800539,23000,Petrol,12,0,1769.2307692307693
Maruti Suzuki Wagon,Maruti,2016,12.323860125621126,35500,Diesel,4,0,7100.0
Maruti Suzuki Alto,Maruti,2010,11.502885230075814,22134,Petrol,10,0,2012.1818181818182
Renault Kwid RXT,Renault,2019,12.821260987319457,1000,Petrol,1,0,500.0
Tata Nano Lx,Tata,2010,10.859018228147887,9000,Petrol,10,0,818.1818181818181
Jaguar XE XE,Jaguar,2016,14.845130332288226,8500,Petrol,4,1,1700.0
Hyundai Xcent S,Hyundai,2015,,35000,Petrol,5,0,5833.333333333333
Hyundai Eon Magna,Hyundai,2014,12.154784614286667,35000,Petrol,6,0,5000.0
Honda City 1.5,Honda,2014,13.120363378739663,22000,Petrol,6,0,3142.8571428571427
Hindustan Motors Ambassador,Hindustan,2002,11.407576060361786,25000,Diesel,18,0,1315.7894736842106
Maruti Suzuki Ritz,Maruti,2010,11.91170829631447,40000,Petrol,10,0,3636.3636363636365
Hyundai Grand i10,Hyundai,2017,12.899222326086994,20000,Petrol,3,0,5000.0
Hyundai Eon D,Hyundai,2016,11.695255355062795,87000,Petrol,4,0,17400.0
Maruti Suzuki Swift,Maruti,2015,12.429220196836383,55000,Petrol,5,0,9166.666666666666
Maruti Suzuki Wagon,Maruti,2017,12.834683971615659,23000,Petrol,3,0,5750.0
Honda Amaze 1.2,Honda,2014,12.850557278777309,6000,Petrol,6,0,857.1428571428571
Maruti Suzuki Estilo,Maruti,2013,12.100717685412471,65000,Petrol,7,0,8125.0
Maruti Suzuki Vitara,Maruti,2016,13.270785106659046,25000,Diesel,4,0,5000.0
Maruti Suzuki Eeco,Maruti,2015,12.535379989788607,39000,Petrol,5,0,6500.0
Toyota Innova 2.0,Toyota,2009,,15574,Diesel,11,0,1297.8333333333333
Hyundai Creta 1.6,Hyundai,2016,13.815511557963774,8000,Petrol,4,0,1600.0
Mahindra Scorpio Vlx,Mahindra,2013,13.444448325847754,75000,Diesel,7,0,9375.0
Maruti Suzuki Ertiga,Maruti,2012,13.081543466215237,51000,Diesel,8,0,5666.666666666667
Mitsubishi Lancer 1.8,Mitsubishi,2006,11.350418300109132,50000,Petrol,14,0,3333.3333333333335
Maruti Suzuki Maruti,Maruti,2001,10.596659732783579,75000,Petrol,19,0,3750.0
Maruti Suzuki Alto,Maruti,2015,11.407576060361786,55800,Petrol,5,0,9300.0
Hyundai Grand i10,Hyundai,2015,12.73670383776449,53000,Petrol,5,0,8833.333333333334
Hyundai Eon D,Hyundai,2018,12.468440756144114,25000,Petrol,2,0,8333.333333333334
Ford Fiesta SXi,Ford,2009,12.429220196836383,56400,Petrol,11,0,4700.0
Maruti Suzuki Ritz,Maruti,2010,12.100717685412471,72160,Diesel,10,0,6560.0
Hyundai Verna Fluidic,Hyundai,2012,12.765691290604371,10000,Diesel,8,0,1111.111111111111
Maruti Suzuki Wagon,Maruti,2006,11.407587171287714,48000,Petrol,14,0,3200.0
Maruti Suzuki Estilo,Maruti,2007,11.652696102959753,36000,Petrol,13,0,2571.4285714285716
Audi A6 2.0,Audi,2012,14.284889617206765,11500,Diesel,8,1,1277.7777777777778
Maruti Suzuki Wagon,Maruti,2003,11.775297421715827,133000,Petrol,17,0,7388.888888888889
Maruti Suzuki Wagon,Maruti,2009,11.976665770490767,27000,Petrol,11,0,2250.0
Maruti Suzuki Wagon,Maruti,2009,11.982935344196433,35000,Petrol,11,0,2916.6666666666665
Maruti Suzuki Alto,Maruti,2010,11.608244735642321,55000,Petrol,10,0,5000.0
Maruti Suzuki Baleno,Maruti,2016,12.959846800844963,40000,Petrol,4,0,8000.0
Hyundai Verna 1.6,Hyundai,2019,13.710151153416941,2000,Petrol,1,0,1000.0
Maruti Suzuki Swift,Maruti,2009,11.918397239722838,45000,Petrol,11,0,3750.0
Hyundai Getz Prime,Hyundai,2009,11.608244735642321,20000,Petrol,11,0,1666.6666666666667
Hyundai Santro,Hyundai,2000,10.858998997563564,88000,Petrol,20,0,4190.476190476191
Hyundai Getz Prime,Hyundai,2009,11.652696102959753,20000,Petrol,11,0,1666.6666666666667
Chevrolet Beat PS,Chevrolet,2012,12.278397958261774,65422,Diesel,8,0,7269.111111111111
Ford EcoSport Trend,Ford,2017,13.270785106659046,10000,Petrol,3,0,2500.0
Maruti Suzuki Dzire,Maruti,2013,12.847929163278053,35000,Petrol,7,0,4375.0
Hyundai Fluidic Verna,Hyundai,2013,12.765691290604371,117000,Diesel,7,0,14625.0
Tata Indica V2,Tata,2005,10.463131911491967,150000,Diesel,15,0,9375.0
BMW X1 xDrive20d,Bmw,2011,13.955273369904273,72000,Diesel,9,1,7200.0
Hyundai i20 Asta,Hyundai,2010,12.611541086966115,10750,Petrol,10,0,977.2727272727273
Honda City 1.5,Honda,2009,12.502470376049185,55000,Petrol,11,0,4583.333333333333
Tata Nano,Tata,2013,11.002116507732017,6800,Petrol,7,0,850.0
Chevrolet Cruze LTZ,Chevrolet,2014,12.899222326086994,41000,Diesel,6,0,5857.142857142857
Hyundai Verna Fluidic,Hyundai,2015,12.971542813248437,73000,Diesel,5,0,12166.666666666666
Maruti Suzuki Swift,Maruti,2011,11.849404844423074,65000,Diesel,9,0,6500.0
Mahindra XUV500 W6,Mahindra,2014,15.95557719204867,45000,Diesel,6,0,6428.571428571428
Mahindra XUV500 W10,Mahindra,2018,14.07710606547538,40000,Diesel,2,0,13333.333333333334
Maruti Suzuki Alto,Maruti,2014,12.201065128819632,37000,Petrol,6,0,5285.714285714285
Hyundai Accent GLE,Hyundai,2006,11.407576060361786,55000,Petrol,14,0,3666.6666666666665
Force Motors One,Force,2013,13.217675375388819,140000,Diesel,7,0,17500.0
Datsun Go Plus,Datsun,2016,,5,Petrol,4,0,1.0
Maruti Suzuki Alto,Maruti,2019,12.487488878546145,9800,Petrol,1,0,4900.0
Chevrolet Spark 1.0,Chevrolet,2011,11.51293546492023,27000,Petrol,9,0,2700.0
Hyundai i10,Hyundai,2009,12.278397958261774,27000,Petrol,11,0,2250.0
Toyota Etios Liva,Toyota,2012,12.847929163278053,20000,Diesel,8,0,2222.222222222222
Renault Duster 85PS,Renault,2013,12.904008342821916,57923,Diesel,7,0,7240.375
Chevrolet Enjoy,Chevrolet,2014,13.102162710901053,30201,Diesel,6,0,4314.428571428572
Maruti Suzuki Alto,Maruti,2017,12.54254845357358,6200,Petrol,3,0,1550.0
BMW 5 Series,Bmw,2009,13.384729180332174,37518,Petrol,11,1,3126.5
Toyota Etios Liva,Toyota,2014,11.982935344196433,24652,Petrol,6,0,3521.714285714286
Mahindra Jeep MM,Mahindra,2004,12.95749109270188,383,Diesel,16,0,22.529411764705884
Chevrolet Beat LS,Chevrolet,2016,12.323860125621126,95000,Diesel,4,0,19000.0
Chevrolet Cruze LTZ,Chevrolet,2011,12.765691290604371,35000,Diesel,9,0,3500.0
Jeep Wrangler Unlimited,Jeep,2015,13.76421831620775,3528,Diesel,5,0,588.0
Maruti Suzuki Ertiga,Maruti,2013,13.091906231773164,52500,Diesel,7,0,6562.5
Hyundai Verna VGT,Hyundai,2010,12.230770136157428,47900,Diesel,10,0,4354.545454545455
Maruti Suzuki Omni,Maruti,2012,11.982935344196433,14000,Petrol,8,0,1555.5555555555557
Maruti Suzuki Celerio,Maruti,2018,12.644330802262578,37000,Petrol,2,0,12333.333333333334
Tata Zest Quadrajet,Tata,2017,12.100717685412471,90000,Diesel,3,0,22500.0
Mahindra XUV500 W6,Mahindra,2013,13.217493541006709,52800,Diesel,7,0,6600.0
Tata Indigo CS,Tata,2016,11.918397239722838,104000,Diesel,4,0,20800.0
Hyundai i10 Era,Hyundai,2011,12.07254696717504,30000,Petrol,9,0,3000.0
Tata Indigo eCS,Tata,2014,11.461642696843066,195000,Diesel,6,0,27857.14285714286
Tata Indigo LX,Tata,2016,12.345838935721968,104000,Diesel,4,0,20800.0
Tata Indigo eCS,Tata,2016,12.345838935721968,104000,Diesel,4,0,20800.0
Tata Indigo Marina,Tata,2004,12.100717685412471,70000,Diesel,16,0,4117.64705882353
Hyundai Xcent SX,Hyundai,2015,12.899222326086994,43000,Diesel,5,0,7166.666666666667
Hyundai Eon Magna,Hyundai,2013,12.128116509451258,23000,Petrol,7,0,2875.0
Renault Duster 85,Renault,2015,12.861001210669146,51000,Diesel,5,0,8500.0
Maruti Suzuki Alto,Maruti,2009,11.407576060361786,62000,Petrol,11,0,5166.666666666667
Tata Nano LX,Tata,2010,10.373522431293592,48008,Petrol,10,0,4364.363636363636
Renault Duster 110,Renault,2013,12.983103608918753,39000,Diesel,7,0,4875.0
Maruti Suzuki Wagon,Maruti,2010,12.323860125621126,40000,Petrol,10,0,3636.3636363636365
Maruti Suzuki Swift,Maruti,2006,12.153204427390497,48247,Petrol,14,0,3216.4666666666667
Maruti Suzuki Ertiga,Maruti,2012,12.873135057399978,39000,Diesel,8,0,4333.333333333333
Maruti Suzuki Swift,Maruti,2014,12.807655372286902,23000,Petrol,6,0,3285.714285714286
Maruti Suzuki Alto,Maruti,2017,12.793862088206213,9400,Petrol,3,0,2350.0
Hyundai i20 Magna,Hyundai,2010,12.25486757159303,50000,Petrol,10,0,4545.454545454545
Hyundai i10 Magna,Hyundai,2009,12.04355959836804,75000,Petrol,11,0,6250.0
Tata Zest XE,Tata,2017,12.847929163278053,70000,Diesel,3,0,17500.0
Mahindra Xylo E8,Mahindra,2009,12.59473402514672,64000,Diesel,11,0,5333.333333333333
Toyota Corolla Altis,Toyota,2010,12.128116509451258,55000,Petrol,10,0,5000.0
Tata Manza Aqua,Tata,2014,11.982935344196433,200000,Diesel,6,0,28571.428571428572
Mahindra KUV100 K8,Mahindra,2018,,7500,Diesel,2,0,2500.0
Renault Kwid 1.0,Renault,2018,12.577639650232573,2137,Petrol,2,0,712.3333333333334
Tata Venture EX,Tata,2013,11.51293546492023,30000,Diesel,7,0,3750.0
Maruti Suzuki Swift,Maruti,2014,12.660331092405906,44000,Petrol,6,0,6285.714285714285
Maruti Suzuki Alto,Maruti,2002,,56000,Petrol,18,0,2947.3684210526317
Skoda Octavia Classic,Skoda,2006,11.65260914341328,65000,Diesel,14,0,4333.333333333333
Maruti Suzuki Omni,Maruti,2012,11.695255355062795,160000,LPG,8,0,17777.777777777777
Chevrolet Beat Diesel,Chevrolet,2011,11.736077016252437,56000,Diesel,9,0,5600.0
Tata Sumo Gold,Tata,2012,12.25486757159303,75000,Diesel,8,0,8333.333333333334
Hyundai Verna 1.6,Hyundai,2018,13.658857917508856,42000,Diesel,2,0,14000.0
Mahindra Scorpio 2.6,Mahindra,2007,12.468440756144114,56000,Diesel,13,0,4000.0
Maruti Suzuki Zen,Maruti,2002,11.461642696843066,10544,Petrol,18,0,554.9473684210526
Maruti Suzuki Swift,Maruti,2011,12.449022745701502,64000,Petrol,9,0,6400.0
Mahindra Scorpio SLX,Mahindra,2008,12.611541086966115,70000,Diesel,12,0,5384.615384615385
Hyundai Grand i10,Hyundai,2014,12.73670383776449,25000,Petrol,6,0,3571.4285714285716
Hyundai Elite i20,Hyundai,2017,13.217675375388819,15000,Petrol,3,0,3750.0
Ford Ikon 1.6,Ford,2003,11.002116507732017,50000,Petrol,17,0,2777.777777777778
Hyundai Elite i20,Hyundai,2015,,49500,Petrol,5,0,8250.0
Toyota Innova 2.5,Toyota,2011,13.527829818844937,147000,Diesel,9,0,14700.0
Nissan Sunny XL,Nissan,2011,12.345838935721968,52000,Petrol,9,0,5200.0
Chevrolet Beat LT,Chevrolet,2012,11.775297421715827,90001,Diesel,8,0,10000.111111111111
Maruti Suzuki Alto,Maruti,2017,12.506180941677357,21000,Petrol,3,0,5250.0
Maruti Suzuki Swift,Maruti,2012,12.54254845357358,48006,Diesel,8,0,5334.0
Maruti Suzuki Swift,Maruti,2012,12.54254845357358,48006,Diesel,8,0,5334.0
Toyota Innova 2.0,Toyota,2012,13.304686600863562,80000,Diesel,8,0,8888.888888888889
Maruti Suzuki Swift,Maruti,2010,12.154784614286667,74000,Diesel,10,0,6727.272727272727
Hyundai Elite i20,Hyundai,2015,13.122365377402328,22000,Petrol,5,0,3666.6666666666665
Mahindra XUV500 W10,Mahindra,2016,13.878486296092358,41000,Diesel,4,0,8200.0
Volkswagen Polo Trendline,Volkswagen,2015,12.765691290604371,25000,Diesel,5,0,4166.666666666667
Toyota Etios Liva,Toyota,2012,12.765691290604371,85000,Diesel,8,0,9444.444444444445
Mahindra TUV300 T4,Mahindra,2016,13.199326270390594,29500,Diesel,4,0,5900.0
Hyundai Elite i20,Hyundai,2015,13.060490101343552,30000,Petrol,5,0,5000.0
Hyundai Santro Xing,Hyundai,2014,12.095146671399466,57000,Petrol,6,0,8142.857142857143
Maruti Suzuki Zen,Maruti,2003,10.778977123006351,60000,Petrol,17,0,3333.3333333333335
Maruti Suzuki Ciaz,Maruti,2016,13.384729180332174,50000,Petrol,4,0,10000.0
Hyundai Eon Era,Hyundai,2013,12.154784614286667,39700,Petrol,7,0,4962.5
Hyundai Elantra 1.8,Hyundai,2012,13.122365377402328,65000,Petrol,8,0,7222.222222222223
Maruti Suzuki Swift,Maruti,2010,12.506180941677357,67000,Diesel,10,0,6090.909090909091
Maruti Suzuki Zen,Maruti,2008,11.736077016252437,46000,Petrol,12,0,3538.4615384615386
Hyundai Eon Era,Hyundai,2012,12.144202560946876,38000,Petrol,8,0,4222.222222222223
Hyundai Grand i10,Hyundai,2016,12.847929163278053,27000,Petrol,4,0,5400.0
Hyundai Verna Fluidic,Hyundai,2011,12.807655372286902,43000,Diesel,9,0,4300.0
Ford EcoSport Trend,Ford,2014,13.049794835104816,47000,Petrol,6,0,6714.285714285715
Hyundai i20 Magna,Hyundai,2011,12.388398368982115,42000,Petrol,9,0,4200.0
Chevrolet Beat Diesel,Chevrolet,2016,12.100712129872347,19336,Diesel,4,0,3867.2
Tata Indica eV2,Tata,2015,11.849404844423074,60105,Diesel,5,0,10017.5
Jaguar XF 2.2,Jaguar,2013,14.599412558413583,29000,Diesel,7,1,3625.0
Audi Q5 2.0,Audi,2014,14.686804342317648,34000,Diesel,6,1,4857.142857142857
BMW 3 Series,Bmw,2011,13.887832149776026,35000,Diesel,9,1,3500.0
Maruti Suzuki Swift,Maruti,2015,13.07107218827772,22000,Petrol,5,0,3666.6666666666665
BMW X1 sDrive20d,Bmw,2012,13.840204146163925,41000,Diesel,8,1,4555.555555555556
Maruti Suzuki S,Maruti,2016,13.329379172803593,21000,Diesel,4,0,4200.0
Maruti Suzuki Ertiga,Maruti,2013,13.07107218827772,48000,Diesel,7,0,6000.0
Maruti Suzuki Alto,Maruti,2016,12.506180941677357,38000,Petrol,4,0,7600.0
Honda City SV,Honda,2014,13.07107218827772,34000,Diesel,6,0,4857.142857142857
Volkswagen Vento Comfortline,Volkswagen,2011,12.388398368982115,45933,Petrol,9,0,4593.3
Honda City 1.5,Honda,2005,11.695255355062795,68000,Petrol,15,0,4250.0
Audi A4 2.0,Audi,2016,14.45736497045232,44000,Diesel,4,1,8800.0
Mahindra KUV100,Mahindra,2017,12.793862088206213,35000,Diesel,3,0,8750.0
Tata Zest XE,Tata,2018,13.017005083966255,102563,Diesel,2,0,34187.666666666664
Mahindra XUV500 W8,Mahindra,2015,13.710151153416941,28600,Diesel,5,0,4766.666666666667
Maruti Suzuki Swift,Maruti,2017,13.384729180332174,41800,Diesel,3,0,10450.0
Tata Sumo Gold,Tata,2014,12.524530013005734,116000,Diesel,6,0,16571.428571428572
Maruti Suzuki Swift,Maruti,2009,12.25486757159303,59000,Petrol,11,0,4916.666666666667
Mahindra Scorpio 2.6,Mahindra,2004,12.07254696717504,58000,Diesel,16,0,3411.764705882353
Maruti Suzuki Omni,Maruti,2009,11.350418300109132,45000,Petrol,11,0,3750.0
Mitsubishi Pajero Sport,Mitsubishi,2015,14.214287349062356,42590,Diesel,5,0,7098.333333333333
Renault Duster,Renault,2014,13.592368256649284,7400,Diesel,6,0,1057.142857142857
Volkswagen Jetta Comfortline,Volkswagen,2009,13.017005083966255,54500,Diesel,11,0,4541.666666666667
Maruti Suzuki Ertiga,Maruti,2012,13.815511557963774,200000,Diesel,8,0,22222.222222222223
Audi A4 2.0,Audi,2013,14.227620871042543,27000,Diesel,7,1,3375.0
Volvo S80 Summum,Volvo,2015,14.430696737594902,42000,Diesel,5,0,7000.0
Toyota Corolla Altis,Toyota,2014,13.579789490265188,29000,Petrol,6,0,4142.857142857143
Mitsubishi Pajero Sport,Mitsubishi,2015,14.360738188157574,37000,Diesel,5,0,6166.666666666667
Chevrolet Beat LT,Chevrolet,2012,11.813037464800539,36000,Petrol,8,0,4000.0
BMW X1,Bmw,2011,13.815511557963774,34000,Diesel,9,1,3400.0
Datsun Redi GO,Datsun,2018,12.611537753638338,7000,Petrol,2,0,2333.3333333333335
Mercedes Benz C,Mercedes,2009,14.018452218287162,76000,Diesel,11,1,6333.333333333333
Mahindra Scorpio SLX,Mahindra,2004,12.07254696717504,60000,Diesel,16,0,3529.4117647058824
Volkswagen Vento Comfortline,Volkswagen,2011,12.206077645517674,95000,Diesel,9,0,9500.0
Tata Indigo CS,Tata,2017,12.506180941677357,50000,Diesel,3,0,12500.0
Ford Figo Petrol,Ford,2019,13.171155446333852,0,Petrol,1,0,0.0
Honda City ZX,Honda,2006,12.100717685412471,50000,Petrol,14,0,3333.3333333333335
Maruti Suzuki Wagon,Maruti,2008,11.849404844423074,68000,Petrol,12,0,5230.7692307692305
Ford EcoSport Trend,Ford,2014,12.899222326086994,16000,Petrol,6,0,2285.714285714286
Maruti Suzuki Swift,Maruti,2016,13.120363378739663,51000,Diesel,4,0,10200.0
Maruti Suzuki Omni,Maruti,2009,11.350418300109132,56000,Petrol,11,0,4666.666666666667
Maruti Suzuki Zen,Maruti,2004,11.156264806643742,100000,Petrol,16,0,5882.35294117647
Renault Duster RxL,Renault,2015,13.217675375388819,36000,Petrol,5,0,6000.0
Maruti Suzuki Swift,Maruti,2014,12.821260987319457,11523,Petrol,6,0,1646.142857142857
Maruti Suzuki Baleno,Maruti,2018,13.444448325847754,1000,Petrol,2,0,333.3333333333333
Honda WR V,Honda,2009,12.429220196836383,60000,Petrol,11,0,5000.0
Tata Indigo CS,Tata,2016,11.608244735642321,85000,Diesel,4,0,17000.0
Renault Duster 110,Renault,2013,13.102162710901053,38600,Diesel,7,0,4825.0
Mahindra Scorpio LX,Mahindra,2009,12.676079399771027,95500,Diesel,11,0,7958.333333333333
Maruti Suzuki Zen,Maruti,2004,11.127277689932466,56000,Petrol,16,0,3294.1176470588234
Maruti Suzuki Wagon,Maruti,2014,11.775297421715827,37458,Petrol,6,0,5351.142857142857
Maruti Suzuki SX4,Maruti,2016,13.785052381406869,85960,Diesel,4,0,17192.0
Audi A3 Cabriolet,Audi,2015,14.946912992035967,12516,Petrol,5,1,2086.0
Hyundai Eon D,Hyundai,2018,12.54254845357358,35000,Petrol,2,0,11666.666666666666
Maruti Suzuki Zen,Maruti,2009,11.736077016252437,0,Petrol,11,0,0.0
Mahindra Scorpio SLX,Mahindra,2008,12.560247968016562,80000,Diesel,12,0,6153.846153846154
Hyundai Santro AE,Hyundai,2011,12.013706813470414,45000,Petrol,9,0,4500.0
Maruti Suzuki Swift,Maruti,2009,12.429220196836383,51000,Diesel,11,0,4250.0
Mahindra Xylo D2,Mahindra,2011,12.873904582205107,48000,Diesel,9,0,4800.0
Hyundai Santro,Hyundai,2003,11.002116507732017,51000,Petrol,17,0,2833.3333333333335
Chevrolet Beat LT,Chevrolet,2015,12.278397958261774,90000,Diesel,5,0,15000.0
Maruti Suzuki Swift,Maruti,2015,13.07107218827772,43000,Diesel,5,0,7166.666666666667
Mahindra XUV500 W8,Mahindra,2015,13.70903942580019,53000,Diesel,5,0,8833.333333333334
Toyota Fortuner 3.0,Toyota,2013,14.22030944419592,97000,Diesel,7,0,12125.0
Maruti Suzuki Alto,Maruti,2013,12.388398368982115,20000,Petrol,7,0,2500.0
Hyundai Getz GLE,Hyundai,2007,11.502885230075814,55000,Petrol,13,0,3928.5714285714284
Maruti Suzuki Swift,Maruti,2014,12.468440756144114,120000,Diesel,6,0,17142.85714285714
Hyundai Creta 1.6,Hyundai,2019,13.997832948091215,0,Petrol,1,0,0.0
Hyundai Santro Xing,Hyundai,2007,11.652696102959753,46000,Petrol,13,0,3285.714285714286
Hyundai Santro Xing,Hyundai,2009,11.385103457032141,43200,Petrol,11,0,3600.0
Mahindra Xylo D2,Mahindra,2011,12.873904582205107,56000,Diesel,9,0,5600.0
Hyundai Santro Xing,Hyundai,2007,11.813037464800539,42000,Petrol,13,0,3000.0
Tata Indica V2,Tata,2009,11.407576060361786,30600,Diesel,11,0,2550.0
Hyundai i10 Sportz,Hyundai,2011,12.301387370778713,38000,Petrol,9,0,3800.0
Hyundai Grand i10,Hyundai,2017,12.959844447906553,2550,Petrol,3,0,637.5
Hyundai Santro Xing,Hyundai,2007,11.813037464800539,47000,Petrol,13,0,3357.1428571428573
Honda City 1.5,Honda,2005,11.461642696843066,41000,Petrol,15,0,2562.5
Nissan Micra XL,Nissan,2017,12.971542813248437,62500,Diesel,3,0,15625.0
Honda City 1.5,Honda,2005,11.652696102959753,68000,Petrol,15,0,4250.0
Maruti Suzuki Alto,Maruti,2015,12.278397958261774,50000,Petrol,5,0,8333.333333333334
Maruti Suzuki Wagon,Maruti,2004,10.87806606028079,69000,Petrol,16,0,4058.823529411765
Maruti Suzuki Ertiga,Maruti,2012,13.122365377402328,48000,Diesel,8,0,5333.333333333333
Tata Indica eV2,Tata,2012,11.350418300109132,55000,Diesel,8,0,6111.111111111111
Maruti Suzuki Omni,Maruti,2013,12.013706813470414,25000,Petrol,7,0,3125.0
Hyundai Eon Era,Hyundai,2014,12.206077645517674,28400,Petrol,6,0,4057.1428571428573
Hyundai Eon,Hyundai,2014,12.206077645517674,28000,Petrol,6,0,4000.0
Maruti Suzuki Swift,Maruti,2015,12.959846800844963,42000,Diesel,5,0,7000.0
Hyundai Verna 1.6,Hyundai,2012,13.304686600863562,29000,Diesel,8,0,3222.222222222222
Chevrolet Tavera LS,Chevrolet,2005,11.775297421715827,68485,Diesel,15,0,4280.3125
Tata Tiago Revotron,Tata,2018,12.971542813248437,3500,Petrol,2,0,1166.6666666666667
Tata Tiago Revotorq,Tata,2019,13.250758351186132,0,Petrol,1,0,0.0
Tata Nexon,Tata,2019,,0,Petrol,1,0,0.0
Maruti Suzuki Zen,Maruti,2006,11.170449240431308,32000,Petrol,14,0,2133.3333333333335
Mahindra KUV100 K8,Mahindra,2018,13.235693848424024,8000,Diesel,2,0,2666.6666666666665
Ford EcoSport Titanium,Ford,2014,13.28787951079572,34000,Diesel,6,0,4857.142857142857
Hindustan Motors Ambassador,Hindustan,1995,13.527829818844937,37000,Petrol,25,0,1423.076923076923
Ford Fusion 1.4,Ford,2007,11.736077016252437,85455,Diesel,13,0,6103.928571428572
Hyundai Santro Xing,Hyundai,2007,11.813037464800539,46000,Petrol,13,0,3285.714285714286
Hyundai Santro,Hyundai,2002,11.002116507732017,47000,Petrol,18,0,2473.684210526316
Fiat Linea Emotion,Fiat,2009,11.695255355062795,64000,Petrol,11,0,5333.333333333333
Ford Ikon 1.3,Ford,2008,11.461642696843066,46000,Petrol,12,0,3538.4615384615386
Maruti Suzuki Omni,Maruti,2017,12.388398368982115,8000,Petrol,3,0,2000.0
Tata Indica V2,Tata,2012,11.652696102959753,64000,Diesel,8,0,7111.111111111111
Mahindra Scorpio S4,Mahindra,2015,13.586098651497313,63000,Diesel,5,0,10500.0
Hyundai Santro Xing,Hyundai,2007,10.915106645867503,65000,Petrol,13,0,4642.857142857143
Mahindra Xylo D2,Mahindra,2009,12.611541086966115,62000,Diesel,11,0,5166.666666666667
Hyundai Grand i10,Hyundai,2014,12.676079399771027,41000,Petrol,6,0,5857.142857142857
Maruti Suzuki Alto,Maruti,2015,12.487488878546145,14000,Petrol,5,0,2333.3333333333335
Toyota Corolla,Toyota,2006,11.982935344196433,40000,Petrol,14,0,2666.6666666666665
Hyundai Eon Magna,Hyundai,2017,12.611541086966115,1600,Petrol,3,0,400.0
Tata Sumo Grande,Tata,2010,11.775297421715827,90000,Diesel,10,0,8181.818181818182
Maruti Suzuki Swift,Maruti,2011,12.429220196836383,58000,Diesel,9,0,5800.0
Volkswagen Polo Highline1.2L,Volkswagen,2013,12.847929163278053,27000,Petrol,7,0,3375.0
Maruti Suzuki Alto,Maruti,2003,10.645448706505872,60000,Petrol,17,0,3333.3333333333335
Tata Tiago Revotron,Tata,2017,12.899222326086994,31000,Petrol,3,0,7750.0
Maruti Suzuki Swift,Maruti,2009,11.695255355062795,90000,Diesel,11,0,7500.0
Maruti Suzuki Swift,Maruti,2009,11.695255355062795,90000,Diesel,11,0,7500.0
Tata Indigo eCS,Tata,2016,11.775297421715827,150000,Diesel,4,0,30000.0
Chevrolet Beat LS,Chevrolet,2014,12.149507585033072,31000,Diesel,6,0,4428.571428571428
Mahindra Xylo E8,Mahindra,2011,12.807655372286902,43000,Diesel,9,0,4300.0
Hyundai Eon D,Hyundai,2013,12.04355959836804,20000,Petrol,7,0,2500.0
Tata Sumo Gold,Tata,2013,12.278397958261774,100000,Petrol,7,0,12500.0
Tata Nano,Tata,2013,11.002116507732017,7000,Petrol,7,0,875.0
Hyundai Elite i20,Hyundai,2017,13.304684934198283,31000,Petrol,3,0,7750.0
Hyundai i10 Magna,Hyundai,2009,12.899222326086994,33000,Petrol,11,0,2750.0
Hyundai Creta,Hyundai,2016,13.710151153416941,60000,Diesel,4,0,12000.0
Volkswagen Polo,Volkswagen,2013,12.611537753638338,48000,Diesel,7,0,6000.0
Maruti Suzuki Dzire,Maruti,2014,12.834681304952548,33000,Petrol,6,0,4714.285714285715
Tata Bolt XM,Tata,2015,13.304686600863562,15000,Petrol,5,0,2500.0
Maruti Suzuki Alto,Maruti,2005,11.156264806643742,47000,Petrol,15,0,2937.5
Maruti Suzuki Alto,Maruti,2005,11.51293546492023,40000,Petrol,15,0,2500.0
Hyundai Venue,Hyundai,2019,,7000,Diesel,1,0,3500.0
Maruti Suzuki Ritz,Maruti,2010,11.918397239722838,38000,Diesel,10,0,3454.5454545454545
Maruti Suzuki Alto,Maruti,2017,12.323860125621126,12500,Petrol,3,0,3125.0
Maruti Suzuki Dzire,Maruti,2009,12.25486757159303,42000,Petrol,11,0,3500.0
Renault Lodgy,Renault,2016,,20000,Diesel,4,0,4000.0
Hyundai i20 Asta,Hyundai,2014,12.959846800844963,31000,Petrol,6,0,4428.571428571428
Maruti Suzuki Swift,Maruti,2008,11.995357787034976,60000,Diesel,12,0,4615.384615384615
Tata Indica V2,Tata,2005,11.002116507732017,80000,Diesel,15,0,5000.0
Mahindra Scorpio VLX,Mahindra,2014,13.384729180332174,77000,Diesel,6,0,11000.0
Toyota Innova 2.5,Toyota,2012,13.527829818844937,75000,Diesel,8,0,8333.333333333334
Mahindra Xylo E8,Mahindra,2010,12.834683971615659,40000,Diesel,10,0,3636.3636363636365
Hyundai i20 Magna,Hyundai,2011,12.345838935721968,47000,Petrol,9,0,4700.0
Maruti Suzuki Omni,Maruti,2000,10.491274217438248,60000,Petrol,20,0,2857.1428571428573
Mahindra KUV100,Mahindra,2016,12.847929163278053,26500,Petrol,4,0,5300.0
Mahindra KUV100 K8,Mahindra,2019,13.235693848424024,2875,Petrol,1,0,1437.5
Datsun Go Plus,Datsun,2016,12.560247968016562,13900,Petrol,4,0,2780.0
Ford Endeavor 4x4,Ford,2019,14.88022163978423,9000,Diesel,1,0,4500.0
Tata Indica V2,Tata,2005,10.596634733096073,80000,Diesel,15,0,5000.0
Hyundai Santro Xing,Hyundai,2006,11.350418300109132,60000,Petrol,14,0,4000.0
Maruti Suzuki Wagon,Maruti,2016,12.886643575525625,20000,Petrol,4,0,4000.0
Maruti Suzuki Swift,Maruti,2008,12.07254696717504,58000,Diesel,12,0,4461.538461538462
Maruti Suzuki Alto,Maruti,2019,12.899222326086994,1500,Petrol,1,0,750.0
Toyota Innova 2.5,Toyota,2011,13.527829818844937,75000,Diesel,9,0,7500.0
Maruti Suzuki Alto,Maruti,2016,12.429220196836383,2450,Petrol,4,0,490.0
Maruti Suzuki Alto,Maruti,2019,12.959846800844963,1625,Petrol,1,0,812.5
Maruti Suzuki Alto,Maruti,2019,,1500,Petrol,1,0,750.0
Volkswagen Polo Highline1.2L,Volkswagen,2017,13.171155446333852,45000,Petrol,3,0,11250.0
Mahindra Logan,Mahindra,2009,11.775297421715827,65000,Diesel,11,0,5416.666666666667
Maruti Suzuki 800,Maruti,2000,10.308985993422082,33400,Petrol,20,0,1590.4761904761904
Mahindra Scorpio,Mahindra,2011,13.07107218827772,60123,Diesel,9,0,6012.3
Chevrolet Sail 1.2,Chevrolet,2013,12.611541086966115,28000,Petrol,7,0,3500.0
Volkswagen Vento Highline,Volkswagen,2015,,38900,Diesel,5,0,6483.333333333333
Hyundai Santro AE,Hyundai,2003,11.002116507732017,70000,Petrol,17,0,3888.8888888888887
Maruti Suzuki Wagon,Maruti,2006,11.51293546492023,7000,Petrol,14,0,466.6666666666667
Hyundai Eon,Hyundai,2018,12.468440756144114,25000,Petrol,2,0,8333.333333333334
Tata Manza,Tata,2015,11.51293546492023,100000,Diesel,5,0,16666.666666666668
Toyota Innova 2.0,Toyota,2019,,4000,Petrol,1,0,2000.0
Toyota Etios G,Toyota,2013,12.487488878546145,42000,Petrol,7,0,5250.0
Toyota Qualis,Toyota,2003,12.100717685412471,100000,Diesel,17,0,5555.555555555556
Hyundai Santro Xing,Hyundai,2004,10.714439990727769,137495,Petrol,16,0,8087.941176470588
Tata Indica eV2,Tata,2016,10.829748417047593,91200,Diesel,4,0,18240.0
Honda City 1.5,Honda,2009,12.506180941677357,55000,Petrol,11,0,4583.333333333333
Tata Zest XE,Tata,2017,12.577639650232573,120000,Diesel,3,0,30000.0
Mahindra Quanto C4,Mahindra,2013,12.691583538230217,63000,Diesel,7,0,7875.0
Tata Indigo eCS,Tata,2016,11.982935344196433,104000,Diesel,4,0,20800.0
Maruti Suzuki Swift,Maruti,2016,12.765691290604371,146000,Diesel,4,0,29200.0
Hyundai Elite i20,Hyundai,2011,12.577639650232573,40000,Petrol,9,0,4000.0
Hyundai i20 Select,Hyundai,2011,12.577639650232573,40000,Petrol,9,0,4000.0
Chevrolet Tavera Neo,Chevrolet,2007,13.049794835104816,100800,Diesel,13,0,7200.0
Maruti Suzuki Dzire,Maruti,2016,12.691583538230217,150000,Diesel,4,0,30000.0
Hyundai Elite i20,Hyundai,2018,13.1421679654829,2100,Petrol,2,0,700.0
Honda City VX,Honda,2016,13.664688831019712,95000,Petrol,4,0,19000.0
Maruti Suzuki Dzire,Maruti,2016,13.017005083966255,2500,Diesel,4,0,500.0
Hyundai Getz,Hyundai,2006,11.736077016252437,80000,Petrol,14,0,5333.333333333333
Mercedes Benz C,Mercedes,2006,13.122367377396328,15000,Petrol,14,1,1000.0
Maruti Suzuki Alto,Maruti,2005,11.461642696843066,65000,Petrol,15,0,4062.5
Skoda Fabia,Skoda,2009,11.608244735642321,45000,Petrol,11,0,3750.0
Maruti Suzuki Alto,Maruti,2015,,70000,Petrol,5,0,11666.666666666666
Maruti Suzuki Ritz,Maruti,2011,12.506180941677357,50000,Petrol,9,0,5000.0
Tata Indica V2,Tata,2009,11.608244735642321,30000,Diesel,11,0,2500.0
Toyota Corolla Altis,Toyota,2009,12.611541086966115,132000,Petrol,11,0,11000.0
Tata Zest XM,Tata,2018,12.468440756144114,27000,Diesel,2,0,9000.0
Mahindra Quanto C8,Mahindra,2013,12.873904582205107,40000,Diesel,7,0,5000.0
